{"RuleTriggered": 0, "Violations": 130, "Details": {"low_gpu_utilization": 1068, "bottlenecks": {"1671186187.000605": {"GPUs": 4, "CPUs": 1}, "1671186187.500585": {"GPUs": 4, "CPUs": 1}, "1671186188.000574": {"GPUs": 4, "CPUs": 2}, "1671186188.50057": {"GPUs": 4, "CPUs": 1}, "1671186189.000692": {"GPUs": 4, "CPUs": 1}, "1671186189.500574": {"GPUs": 4, "CPUs": 1}, "1671186190.500582": {"GPUs": 4, "CPUs": 2}, "1671186192.000576": {"GPUs": 4, "CPUs": 1}, "1671186193.00075": {"GPUs": 4, "CPUs": 1}, "1671186193.500577": {"GPUs": 4, "CPUs": 1}, "1671186204.500573": {"GPUs": 4, "CPUs": 1}, "1671186205.000577": {"GPUs": 4, "CPUs": 1}, "1671186205.500571": {"GPUs": 4, "CPUs": 1}, "1671186206.000572": {"GPUs": 4, "CPUs": 1}, "1671186206.500569": {"GPUs": 4, "CPUs": 1}, "1671186207.500556": {"GPUs": 4, "CPUs": 1}, "1671186208.000572": {"GPUs": 4, "CPUs": 1}, "1671186208.500559": {"GPUs": 4, "CPUs": 1}, "1671186209.000566": {"GPUs": 4, "CPUs": 1}, "1671186209.500555": {"GPUs": 4, "CPUs": 1}, "1671186210.000614": {"GPUs": 4, "CPUs": 1}, "1671186210.500568": {"GPUs": 4, "CPUs": 1}, "1671186211.500569": {"GPUs": 4, "CPUs": 1}, "1671186212.000575": {"GPUs": 4, "CPUs": 1}, "1671186213.000541": {"GPUs": 4, "CPUs": 1}, "1671186213.500555": {"GPUs": 4, "CPUs": 1}, "1671186214.000559": {"GPUs": 4, "CPUs": 1}, "1671186214.500562": {"GPUs": 4, "CPUs": 1}, "1671186215.000572": {"GPUs": 4, "CPUs": 1}, "1671186215.500577": {"GPUs": 4, "CPUs": 1}, "1671186216.000576": {"GPUs": 4, "CPUs": 1}, "1671186235.500573": {"GPUs": 4, "CPUs": 1}, "1671186236.000569": {"GPUs": 4, "CPUs": 1}, "1671186236.500558": {"GPUs": 4, "CPUs": 1}, "1671186237.000625": {"GPUs": 4, "CPUs": 1}, "1671186237.500692": {"GPUs": 4, "CPUs": 1}, "1671186238.000565": {"GPUs": 4, "CPUs": 1}, "1671186239.000561": {"GPUs": 4, "CPUs": 1}, "1671186239.500566": {"GPUs": 4, "CPUs": 1}, "1671186240.500566": {"GPUs": 4, "CPUs": 1}, "1671186241.000574": {"GPUs": 4, "CPUs": 1}, "1671186241.500573": {"GPUs": 4, "CPUs": 1}, "1671186242.00056": {"GPUs": 4, "CPUs": 1}, "1671186242.500568": {"GPUs": 4, "CPUs": 1}, "1671186243.000571": {"GPUs": 4, "CPUs": 1}, "1671186243.500577": {"GPUs": 4, "CPUs": 1}, "1671186244.000573": {"GPUs": 4, "CPUs": 1}, "1671186244.500561": {"GPUs": 4, "CPUs": 1}, "1671186245.000546": {"GPUs": 4, "CPUs": 1}, "1671186245.500577": {"GPUs": 4, "CPUs": 1}, "1671186246.000569": {"GPUs": 4, "CPUs": 1}, "1671186246.50057": {"GPUs": 4, "CPUs": 1}, "1671186247.000553": {"GPUs": 4, "CPUs": 1}, "1671186247.500627": {"GPUs": 4, "CPUs": 1}, "1671186248.500682": {"GPUs": 4, "CPUs": 1}, "1671186249.500647": {"GPUs": 4, "CPUs": 1}, "1671186251.500674": {"GPUs": 4, "CPUs": 1}, "1671186252.000673": {"GPUs": 4, "CPUs": 1}, "1671186252.500565": {"GPUs": 4, "CPUs": 1}, "1671186254.000681": {"GPUs": 4, "CPUs": 1}, "1671186254.500725": {"GPUs": 4, "CPUs": 1}, "1671186255.000562": {"GPUs": 4, "CPUs": 1}, "1671186257.500672": {"GPUs": 4, "CPUs": 1}, "1671186258.000619": {"GPUs": 4, "CPUs": 1}, "1671186258.500685": {"GPUs": 4, "CPUs": 1}, "1671186259.000678": {"GPUs": 4, "CPUs": 1}, "1671186259.500659": {"GPUs": 4, "CPUs": 1}, "1671186260.000678": {"GPUs": 4, "CPUs": 1}, "1671186260.500728": {"GPUs": 4, "CPUs": 1}, "1671186261.000725": {"GPUs": 4, "CPUs": 1}, "1671186261.500704": {"GPUs": 4, "CPUs": 1}, "1671186262.500642": {"GPUs": 4, "CPUs": 1}, "1671186263.000681": {"GPUs": 4, "CPUs": 1}, "1671186263.500672": {"GPUs": 4, "CPUs": 1}, "1671186264.000686": {"GPUs": 4, "CPUs": 1}, "1671186264.500673": {"GPUs": 4, "CPUs": 1}, "1671186265.000734": {"GPUs": 4, "CPUs": 1}, "1671186265.500686": {"GPUs": 4, "CPUs": 1}, "1671186266.000743": {"GPUs": 4, "CPUs": 1}, "1671186266.50073": {"GPUs": 4, "CPUs": 1}, "1671186267.000674": {"GPUs": 4, "CPUs": 1}, "1671186267.500678": {"GPUs": 4, "CPUs": 1}, "1671186268.000614": {"GPUs": 4, "CPUs": 1}, "1671186268.500618": {"GPUs": 4, "CPUs": 1}, "1671186269.000728": {"GPUs": 4, "CPUs": 1}, "1671186269.500663": {"GPUs": 4, "CPUs": 1}, "1671186270.500665": {"GPUs": 4, "CPUs": 1}, "1671186271.000678": {"GPUs": 4, "CPUs": 1}, "1671186274.000676": {"GPUs": 4, "CPUs": 1}, "1671186274.500672": {"GPUs": 4, "CPUs": 1}, "1671186275.000671": {"GPUs": 4, "CPUs": 1}, "1671186275.500693": {"GPUs": 4, "CPUs": 1}, "1671186276.000684": {"GPUs": 4, "CPUs": 1}, "1671186276.50058": {"GPUs": 4, "CPUs": 1}, "1671186277.000679": {"GPUs": 4, "CPUs": 1}, "1671186277.500689": {"GPUs": 4, "CPUs": 1}, "1671186278.000676": {"GPUs": 4, "CPUs": 1}, "1671186279.000602": {"GPUs": 4, "CPUs": 1}, "1671186279.500669": {"GPUs": 4, "CPUs": 1}, "1671186280.000668": {"GPUs": 4, "CPUs": 1}, "1671186280.500658": {"GPUs": 4, "CPUs": 1}, "1671186282.000723": {"GPUs": 4, "CPUs": 1}, "1671186282.500641": {"GPUs": 4, "CPUs": 1}, "1671186285.000733": {"GPUs": 4, "CPUs": 1}, "1671186285.500669": {"GPUs": 4, "CPUs": 1}, "1671186286.000685": {"GPUs": 4, "CPUs": 1}, "1671186286.500676": {"GPUs": 4, "CPUs": 1}, "1671186287.000601": {"GPUs": 4, "CPUs": 1}, "1671186287.50062": {"GPUs": 4, "CPUs": 1}, "1671186288.000619": {"GPUs": 4, "CPUs": 1}, "1671186288.500609": {"GPUs": 4, "CPUs": 1}, "1671186289.000678": {"GPUs": 4, "CPUs": 1}, "1671186289.500669": {"GPUs": 4, "CPUs": 1}, "1671186290.000726": {"GPUs": 4, "CPUs": 1}, "1671186290.500743": {"GPUs": 4, "CPUs": 1}, "1671186291.000575": {"GPUs": 4, "CPUs": 1}, "1671186291.500662": {"GPUs": 4, "CPUs": 1}, "1671186292.000619": {"GPUs": 4, "CPUs": 1}, "1671186292.500673": {"GPUs": 4, "CPUs": 1}, "1671186293.000681": {"GPUs": 4, "CPUs": 1}, "1671186294.000662": {"GPUs": 4, "CPUs": 1}, "1671186316.000574": {"GPUs": 4, "CPUs": 1}, "1671186316.500565": {"GPUs": 4, "CPUs": 1}, "1671186317.000566": {"GPUs": 4, "CPUs": 1}, "1671186319.500583": {"GPUs": 3, "CPUs": 1}, "1671186320.000564": {"GPUs": 4, "CPUs": 1}, "1671186653.50058": {"GPUs": 3, "CPUs": 1}, "1671186654.000575": {"GPUs": 4, "CPUs": 1}, "1671186654.500562": {"GPUs": 3, "CPUs": 1}, "1671186655.000565": {"GPUs": 4, "CPUs": 1}}}, "Datapoints": 1070, "RuleParameters": "threshold:50\nio_threshold:50\ngpu_threshold:10\npatience:1000"}