{"RuleTriggered": 0, "Violations": 0, "Details": {"step_num": {"first": 1671186300961920, "last": 1671186719623562}, "job_start": 1671186186.000552, "job_end": 1671186719.500768}, "Datapoints": 680, "RuleParameters": "threshold:20"}