{"RuleTriggered": 0, "Violations": 0, "Details": {"ratio": {"gpu_functions-dev:0": 54.84671912887295, "cpu_functions": 45.15328087112706}, "phase": {"Step:ModeKeys.TRAIN": 25.027364630523707, "others": 67.61782640167215, "Step:ModeKeys.EVAL": 7.35480896780415}, "phase_time": {}, "CPU": {"conv2d": 16.355300188741666, "convolution": 15.90766800964644, "_convolution": 15.608913608737415, "cudnn_convolution": 12.25118782592297, "batch_norm": 3.4535149738782174, "to": 17.992416372740017, "copy_": 18.43099902033328}, "CPU_total": {"conv2d": 1637422, "convolution": 1592607, "_convolution": 1562697, "cudnn_convolution": 1226536, "batch_norm": 345751, "to": 1801323, "copy_": 1845232}, "GPU": {"conv2d": 15.838055958403475, "convolution": 15.823081530593171, "_convolution": 15.809032402132631, "cudnn_convolution": 15.610794727274186, "batch_norm": 3.232070628716234, "_batch_norm_impl_index": 3.2187000531121828, "cudnn_batch_norm": 3.126177828963967, "to": 13.496470291413779, "copy_": 13.845616579390377}, "GPU_total": {"conv2d": 2054002, "convolution": 2052060, "_convolution": 2050238, "cudnn_convolution": 2024529, "batch_norm": 419160, "_batch_norm_impl_index": 417426, "cudnn_batch_norm": 405427, "to": 1750327, "copy_": 1795607}, "general": {"Forward": 100.0}}, "Datapoints": 0, "RuleParameters": ""}