{"RuleTriggered": 2, "Violations": 22, "Details": {"step_details": {"algo-1-27": {"step_stats": {"mean": 0.10472257937806874, "max": 14.371815, "p99": 3.2152573999999996, "p95": 0.019433, "p50": 0.016271, "min": 0.015735}, "number_of_outliers": 11, "phase": "Step:ModeKeys.TRAIN", "stddev": 0.79, "probs": [599, 0, 0, 0, 0, 0, 0, 0, 0, 0, 0, 0, 0, 0, 0, 0, 0, 0, 0, 0, 0, 0, 0, 0, 0, 0, 0, 0, 0, 0, 0, 0, 0, 0, 0, 0, 0, 0, 0, 0, 0, 0, 0, 0, 0, 0, 0, 0, 0, 0, 0, 0, 0, 0, 0, 0, 0, 0, 0, 0, 0, 0, 0, 0, 0, 0, 0, 0, 0, 0, 0, 0, 0, 0, 0, 0, 0, 0, 0, 0, 0, 0, 0, 0, 0, 0, 0, 0, 0, 0, 0, 0, 0, 0, 0, 0, 0, 0, 0, 1], "binedges": [0.015735, 0.028752099999999996, 0.04176919999999999, 0.054786299999999996, 0.06780339999999999, 0.08082049999999999, 0.0938376, 0.10685469999999998, 0.11987179999999999, 0.13288889999999998, 0.14590599999999998, 0.15892309999999998, 0.1719402, 0.1849573, 0.19797439999999997, 0.21099149999999997, 0.22400859999999997, 0.23702569999999998, 0.2500428, 0.26305989999999996, 0.27607699999999996, 0.28909409999999996, 0.30211119999999997, 0.3151283, 0.3281454, 0.3411625, 0.3541796, 0.36719669999999993, 0.38021379999999994, 0.39323089999999994, 0.40624799999999994, 0.41926509999999995, 0.43228219999999995, 0.44529929999999995, 0.45831639999999996, 0.47133349999999996, 0.48435059999999996, 0.49736769999999997, 0.5103848, 0.5234018999999999, 0.536419, 0.5494360999999999, 0.5624532, 0.5754702999999999, 0.5884874, 0.6015044999999999, 0.6145216, 0.6275386999999999, 0.6405558, 0.6535728999999999, 0.66659, 0.6796070999999999, 0.6926242, 0.7056412999999999, 0.7186583999999998, 0.7316754999999999, 0.7446925999999998, 0.7577096999999999, 0.7707267999999998, 0.7837438999999999, 0.7967609999999998, 0.8097781, 0.8227951999999998, 0.8358123, 0.8488293999999998, 0.8618465, 0.8748635999999999, 0.8878807, 0.9008977999999999, 0.9139149, 0.9269319999999999, 0.9399491, 0.9529661999999999, 0.9659833, 0.9790003999999999, 0.9920174999999998, 1.0050346, 1.0180517, 1.0310688, 1.0440859, 1.057103, 1.0701201, 1.0831372, 1.0961543, 1.1091714, 1.1221885, 1.1352056, 1.1482226999999998, 1.1612398, 1.1742568999999998, 1.187274, 1.2002910999999998, 1.2133082, 1.2263252999999998, 1.2393424, 1.2523594999999998, 1.2653766, 1.2783936999999999, 1.2914108, 1.3044278999999999, 1.317445], "step_numbers": ["0", "1", "2", "3", "4", "5", "6", "7", "8", "9", "500"]}}, "ratio": {}, "phase": {"Step:ModeKeys.TRAIN": 100.0}, "phase_time": {}, "general": {"Forward": 100.0}}, "Datapoints": 680, "RuleParameters": "threshold:3\nmode:None\nn_outliers:10\nstddev:3"}